idioma_secreto,espanol
ribi tore ribi vife zoli giki zova,el jardinero no lleva el perro joven
vivi gore ribi kote zoli liba,la maestra lee el perro verde
ribi tore vivi bene dira nole,el jardinero encuentra la gata azul
ribi kita vivi sivi mivi giki zova,el músico no lleva la médica grande
vivi mivi ribi kote tore tole zova,la médica no mira el jardinero verde
vivi dira vivi kote taki tole zova,la gata no mira la niña verde
vivi mivi ribi toge tore nibe zova,la médica no busca el jardinero feliz
vivi taki vivi vife gore mibe zova,la niña no cuida la maestra joven
ribi tore ribi bene zoli nole zova,el jardinero no encuentra el perro azul
ribi rori ribi kote tore tole,el niño mira el jardinero verde
ribi kita vivi bene mivi liba,el músico lee la médica azul
ribi rori ribi toge kita tole zova,el niño no mira el músico feliz
vivi mivi ribi kita giki,la médica lleva el músico
ribi rori ribi kote tore nole,el niño encuentra el jardinero verde
vivi taki ribi bene kita liba,la niña lee el músico azul
vivi taki ribi kote zoli mibe zova,la niña no cuida el perro verde
ribi zoli ribi kote rori tole zova,el perro no mira el niño verde
vivi mivi ribi vife zoli giki,la médica lleva el perro joven
ribi tore ribi bene rori tole,el jardinero mira el niño azul
ribi tore vivi mivi mibe,el jardinero cuida la médica
ribi zoli ribi sivi kita mibe,el perro cuida el músico grande
ribi zoli vivi sivi dira mibe,el perro cuida la gata grande
vivi taki vivi mivi mibe zova,la niña no cuida la médica
ribi kita vivi vife taki nibe zova,el músico no busca la niña joven
ribi kita vivi sivi gore liba zova,el músico no lee la maestra grande
ribi zoli vivi vife dira nole,el perro encuentra la gata joven
ribi kita vivi vife gore nibe,el músico busca la maestra joven
vivi gore vivi sivi dira liba zova,la maestra no lee la gata grande
vivi gore vivi toge taki giki,la maestra lleva la niña feliz
ribi kita vivi bene mivi nole zova,el músico no encuentra la médica azul
vivi dira ribi bene rori nole,la gata encuentra el niño azul
ribi tore vivi kote mivi liba zova,el jardinero no lee la médica verde
vivi dira vivi bene mivi nole,la gata encuentra la médica azul
ribi tore vivi bene dira tole zova,el jardinero no mira la gata azul
ribi zoli ribi kote rori nibe,el perro busca el niño verde
ribi tore vivi vife gore nole zova,el jardinero no encuentra la maestra joven
ribi tore vivi kote taki tole,el jardinero mira la niña verde
vivi mivi vivi taki nole zova,la médica no encuentra la niña
vivi gore ribi vife kita tole,la maestra mira el músico joven
vivi mivi ribi bene tore nole zova,la médica no encuentra el jardinero azul
vivi gore ribi bene rori nibe,la maestra busca el niño azul
ribi tore vivi toge mivi nole,el jardinero encuentra la médica feliz
vivi mivi ribi vife tore nibe zova,la médica no busca el jardinero joven
vivi taki vivi dira nole zova,la niña no encuentra la gata
ribi kita vivi kote taki giki,el músico lleva la niña verde
vivi gore vivi mivi liba,la maestra lee la médica
vivi gore ribi bene kita giki,la maestra lleva el músico azul
vivi dira ribi toge rori mibe zova,la gata no cuida el niño feliz
vivi dira vivi gore nole zova,la gata no encuentra la maestra
ribi tore ribi vife zoli nole,el jardinero encuentra el perro joven
ribi tore vivi vife mivi nibe,el jardinero busca la médica joven
ribi zoli vivi kote dira tole zova,el perro no mira la gata verde
ribi tore vivi vife gore tole,el jardinero mira la maestra joven
ribi rori vivi mivi tole zova,el niño no mira la médica
vivi mivi ribi vife rori giki zova,la médica no lleva el niño joven
vivi gore ribi toge zoli giki,la maestra lleva el perro feliz
vivi taki vivi toge gore liba,la niña lee la maestra feliz
vivi gore vivi kote mivi giki,la maestra lleva la médica verde
ribi rori ribi bene tore tole zova,el niño no mira el jardinero azul
vivi mivi vivi bene dira nibe,la médica busca la gata azul
ribi zoli ribi kita liba,el perro lee el músico
ribi rori ribi kote kita nibe,el niño busca el músico verde
ribi zoli vivi kote dira nibe,el perro busca la gata verde
ribi tore vivi kote taki mibe,el jardinero cuida la niña verde
ribi rori vivi bene mivi liba,el niño lee la médica azul
vivi mivi ribi kote tore mibe zova,la médica no cuida el jardinero verde
vivi mivi vivi sivi dira nole,la médica encuentra la gata grande
ribi tore ribi rori liba,el jardinero lee el niño
vivi dira ribi vife kita mibe zova,la gata no cuida el músico joven
vivi dira vivi sivi taki liba,la gata lee la niña grande
vivi dira vivi kote taki nibe zova,la gata no busca la niña verde
vivi mivi ribi toge rori liba,la médica lee el niño feliz
vivi dira vivi vife gore mibe zova,la gata no cuida la maestra joven
ribi zoli vivi kote dira giki,el perro lleva la gata verde
ribi kita ribi kote zoli giki,el músico lleva el perro verde
ribi kita ribi bene zoli liba zova,el músico no lee el perro azul
ribi kita vivi vife gore giki zova,el músico no lleva la maestra joven
vivi gore vivi toge taki giki zova,la maestra no lleva la niña feliz
ribi kita ribi toge zoli nole zova,el músico no encuentra el perro feliz
vivi gore ribi vife tore nole,la maestra encuentra el jardinero joven
vivi mivi vivi sivi gore tole zova,la médica no mira la maestra grande
vivi mivi ribi sivi rori giki,la médica lleva el niño grande
ribi rori ribi sivi kita tole zova,el niño no mira el músico grande
vivi dira vivi mivi nibe,la gata busca la médica
vivi taki ribi sivi zoli nole zova,la niña no encuentra el perro grande
vivi gore vivi taki nibe zova,la maestra no busca la niña
vivi mivi ribi toge kita nole,la médica encuentra el músico feliz
vivi dira ribi sivi rori nibe zova,la gata no busca el niño grande
vivi taki ribi sivi kita tole zova,la niña no mira el músico grande
ribi rori vivi toge taki nole zova,el niño no encuentra la niña feliz
vivi gore ribi sivi zoli nole zova,la maestra no encuentra el perro grande
ribi tore ribi sivi zoli mibe,el jardinero cuida el perro grande
vivi dira vivi taki giki,la gata lleva la niña
vivi gore vivi kote taki nibe,la maestra busca la niña verde
vivi dira vivi sivi mivi mibe zova,la gata no cuida la médica grande
vivi dira vivi toge taki giki zova,la gata no lleva la niña feliz
vivi gore ribi sivi rori nibe,la maestra busca el niño grande
ribi tore vivi kote gore tole,el jardinero mira la maestra verde
vivi taki ribi vife zoli nibe zova,la niña no busca el perro joven
ribi tore ribi toge zoli mibe,el jardinero cuida el perro feliz
ribi tore ribi kote rori nole,el jardinero encuentra el niño verde
vivi mivi ribi sivi zoli giki zova,la médica no lleva el perro grande
vivi dira ribi kote rori giki,la gata lleva el niño verde
vivi gore ribi bene zoli giki zova,la maestra no lleva el perro azul
ribi zoli vivi kote mivi nibe,el perro busca la médica verde
vivi taki ribi kita liba,la niña lee el músico
vivi dira vivi toge mivi nibe zova,la gata no busca la médica feliz
ribi kita vivi sivi gore tole,el músico mira la maestra grande
vivi taki ribi kote kita tole,la niña mira el músico verde
ribi tore ribi kote rori giki zova,el jardinero no lleva el niño verde
ribi zoli ribi rori tole zova,el perro no mira el niño
ribi zoli vivi bene dira giki zova,el perro no lleva la gata azul
ribi kita ribi kote rori giki zova,el músico no lleva el niño verde
ribi tore vivi kote taki giki zova,el jardinero no lleva la niña verde
ribi zoli ribi vife kita liba,el perro lee el músico joven
vivi taki ribi toge tore nole,la niña encuentra el jardinero feliz
ribi tore vivi vife gore giki zova,el jardinero no lleva la maestra joven
vivi taki ribi toge tore liba,la niña lee el jardinero feliz
vivi dira ribi rori giki zova,la gata no lleva el niño
vivi taki ribi bene rori mibe zova,la niña no cuida el niño azul
vivi dira ribi vife kita tole,la gata mira el músico joven
vivi dira vivi mivi nibe zova,la gata no busca la médica
ribi tore vivi vife dira mibe,el jardinero cuida la gata joven
vivi dira ribi vife kita liba,la gata lee el músico joven
ribi rori ribi toge tore nole,el niño encuentra el jardinero feliz
vivi taki vivi mivi mibe,la niña cuida la médica
ribi kita vivi gore tole,el músico mira la maestra
ribi zoli ribi bene kita tole zova,el perro no mira el músico azul
ribi kita ribi vife rori nibe zova,el músico no busca el niño joven
vivi dira vivi bene gore nole zova,la gata no encuentra la maestra azul
ribi kita ribi rori giki,el músico lleva el niño
vivi mivi ribi vife rori mibe zova,la médica no cuida el niño joven
ribi tore vivi kote taki nibe zova,el jardinero no busca la niña verde
ribi kita ribi vife rori mibe,el músico cuida el niño joven
vivi gore ribi vife rori mibe zova,la maestra no cuida el niño joven
vivi taki vivi sivi gore mibe zova,la niña no cuida la maestra grande
ribi zoli vivi mivi nibe zova,el perro no busca la médica
ribi rori vivi bene mivi giki zova,el niño no lleva la médica azul
vivi taki ribi bene zoli mibe zova,la niña no cuida el perro azul
vivi mivi vivi toge gore giki,la médica lleva la maestra feliz
ribi kita vivi kote gore mibe,el músico cuida la maestra verde
ribi zoli vivi toge gore nibe,el perro busca la maestra feliz
vivi mivi ribi sivi rori liba zova,la médica no lee el niño grande
ribi tore ribi kote zoli giki zova,el jardinero no lleva el perro verde
vivi taki vivi bene dira nole zova,la niña no encuentra la gata azul
ribi rori ribi bene tore liba,el niño lee el jardinero azul
ribi tore vivi sivi dira liba,el jardinero lee la gata grande
vivi dira ribi kote zoli nole,la gata encuentra el perro verde
vivi dira ribi bene rori liba,la gata lee el niño azul
vivi mivi vivi kote dira giki,la médica lleva la gata verde
vivi dira vivi sivi gore liba zova,la gata no lee la maestra grande
vivi mivi vivi toge taki mibe zova,la médica no cuida la niña feliz
vivi taki vivi mivi tole zova,la niña no mira la médica
ribi kita ribi bene zoli mibe,el músico cuida el perro azul
vivi taki vivi kote mivi nibe zova,la niña no busca la médica verde
vivi gore ribi zoli liba zova,la maestra no lee el perro
vivi mivi vivi sivi dira liba,la médica lee la gata grande
ribi tore ribi toge rori tole zova,el jardinero no mira el niño feliz
vivi dira ribi rori liba,la gata lee el niño
ribi kita ribi zoli mibe zova,el músico no cuida el perro
ribi kita vivi vife gore giki,el músico lleva la maestra joven
vivi dira ribi sivi kita giki,la gata lleva el músico grande
ribi zoli vivi gore nibe zova,el perro no busca la maestra
vivi mivi ribi vife rori tole zova,la médica no mira el niño joven
vivi mivi vivi kote dira giki zova,la médica no lleva la gata verde
ribi rori ribi tore nole,el niño encuentra el jardinero
vivi taki vivi vife mivi nibe,la niña busca la médica joven
ribi zoli vivi vife dira tole zova,el perro no mira la gata joven
vivi taki ribi toge tore giki zova,la niña no lleva el jardinero feliz
ribi zoli ribi kote tore giki zova,el perro no lleva el jardinero verde
ribi kita vivi bene gore liba,el músico lee la maestra azul
vivi mivi vivi kote taki nole zova,la médica no encuentra la niña verde
ribi kita vivi toge dira nole,el músico encuentra la gata feliz
vivi gore vivi bene mivi giki,la maestra lleva la médica azul
vivi mivi vivi toge gore liba,la médica lee la maestra feliz
ribi zoli ribi tore liba zova,el perro no lee el jardinero
vivi gore ribi bene zoli tole zova,la maestra no mira el perro azul
vivi dira ribi sivi kita tole,la gata mira el músico grande
ribi tore vivi vife gore nole,el jardinero encuentra la maestra joven
ribi tore ribi vife kita nole zova,el jardinero no encuentra el músico joven
ribi zoli ribi toge tore nole,el perro encuentra el jardinero feliz
vivi dira ribi vife rori giki,la gata lleva el niño joven
vivi taki vivi gore nole zova,la niña no encuentra la maestra
ribi tore vivi kote taki nole,el jardinero encuentra la niña verde
vivi taki vivi kote gore giki,la niña lleva la maestra verde
ribi kita vivi toge dira nibe zova,el músico no busca la gata feliz
vivi dira vivi toge mivi liba,la gata lee la médica feliz
ribi zoli vivi sivi gore nole zova,el perro no encuentra la maestra grande
vivi dira ribi zoli giki,la gata lleva el perro
ribi tore ribi toge zoli nibe,el jardinero busca el perro feliz
vivi taki vivi kote dira tole zova,la niña no mira la gata verde
vivi mivi ribi bene zoli giki zova,la médica no lleva el perro azul
vivi mivi vivi bene dira giki,la médica lleva la gata azul
vivi mivi vivi gore liba zova,la médica no lee la maestra
vivi taki vivi vife gore mibe,la niña cuida la maestra joven
ribi tore vivi toge mivi liba zova,el jardinero no lee la médica feliz
vivi mivi ribi toge tore giki zova,la médica no lleva el jardinero feliz
vivi mivi vivi taki mibe,la médica cuida la niña
ribi rori ribi vife zoli nibe,el niño busca el perro joven
ribi zoli ribi sivi tore tole,el perro mira el jardinero grande
ribi kita vivi sivi mivi liba zova,el músico no lee la médica grande
ribi kita ribi bene tore nibe,el músico busca el jardinero azul
ribi kita ribi kote tore mibe zova,el músico no cuida el jardinero verde
vivi mivi ribi zoli mibe,la médica cuida el perro
ribi rori vivi bene gore tole zova,el niño no mira la maestra azul
ribi zoli vivi vife taki nibe,el perro busca la niña joven
vivi mivi ribi kote kita nibe,la médica busca el músico verde
vivi mivi ribi sivi tore nibe,la médica busca el jardinero grande
ribi rori vivi bene dira mibe,el niño cuida la gata azul
vivi mivi vivi sivi dira mibe zova,la médica no cuida la gata grande
vivi mivi vivi kote taki nole,la médica encuentra la niña verde
vivi taki ribi tore giki zova,la niña no lleva el jardinero
vivi gore ribi vife kita giki zova,la maestra no lleva el músico joven
vivi dira vivi kote mivi tole,la gata mira la médica verde
vivi gore vivi sivi taki mibe,la maestra cuida la niña grande
vivi dira ribi tore mibe zova,la gata no cuida el jardinero
vivi dira ribi zoli liba zova,la gata no lee el perro
ribi tore ribi vife kita mibe zova,el jardinero no cuida el músico joven
ribi zoli ribi vife rori tole,el perro mira el niño joven
ribi kita vivi sivi dira tole,el músico mira la gata grande
vivi dira vivi bene gore tole zova,la gata no mira la maestra azul
vivi gore ribi toge kita nibe,la maestra busca el músico feliz
ribi zoli vivi toge dira tole zova,el perro no mira la gata feliz
vivi gore ribi sivi rori mibe,la maestra cuida el niño grande
ribi zoli vivi toge gore liba,el perro lee la maestra feliz
vivi dira vivi vife gore liba,la gata lee la maestra joven
ribi kita vivi kote taki nole zova,el músico no encuentra la niña verde
ribi tore vivi bene dira giki,el jardinero lleva la gata azul
vivi gore ribi kote tore giki,la maestra lleva el jardinero verde
ribi zoli vivi mivi liba zova,el perro no lee la médica
ribi rori ribi bene kita tole,el niño mira el músico azul
vivi dira ribi sivi tore liba zova,la gata no lee el jardinero grande
vivi mivi vivi toge taki mibe,la médica cuida la niña feliz
ribi rori vivi bene taki mibe,el niño cuida la niña azul
vivi mivi vivi kote dira liba zova,la médica no lee la gata verde
ribi rori vivi sivi mivi liba,el niño lee la médica grande
vivi gore vivi kote dira nole zova,la maestra no encuentra la gata verde
ribi zoli ribi sivi rori nole,el perro encuentra el niño grande
vivi taki vivi sivi dira tole zova,la niña no mira la gata grande
ribi zoli vivi sivi dira mibe zova,el perro no cuida la gata grande
ribi kita vivi sivi mivi tole zova,el músico no mira la médica grande
ribi rori vivi vife dira tole,el niño mira la gata joven
ribi rori vivi vife mivi nibe,el niño busca la médica joven
ribi tore ribi sivi rori nole zova,el jardinero no encuentra el niño grande
ribi rori ribi bene zoli nole,el niño encuentra el perro azul
ribi kita vivi kote taki giki zova,el músico no lleva la niña verde
vivi taki ribi tore tole,la niña mira el jardinero
vivi gore ribi vife kita giki,la maestra lleva el músico joven
ribi tore vivi vife mivi mibe zova,el jardinero no cuida la médica joven
ribi zoli vivi toge mivi liba,el perro lee la médica feliz
ribi zoli vivi toge taki nibe,el perro busca la niña feliz
ribi kita ribi sivi tore tole,el músico mira el jardinero grande
ribi tore vivi vife taki liba zova,el jardinero no lee la niña joven
vivi taki ribi sivi tore tole,la niña mira el jardinero grande
ribi zoli ribi rori nibe,el perro busca el niño
ribi rori ribi zoli nibe,el niño busca el perro
vivi taki ribi kote kita tole zova,la niña no mira el músico verde
ribi tore ribi zoli giki zova,el jardinero no lleva el perro
ribi tore vivi mivi nole zova,el jardinero no encuentra la médica
ribi kita ribi rori nibe zova,el músico no busca el niño
vivi taki vivi bene dira giki zova,la niña no lleva la gata azul
ribi rori ribi kita tole,el niño mira el músico
ribi rori vivi gore giki zova,el niño no lleva la maestra
ribi rori vivi bene gore giki,el niño lleva la maestra azul
ribi rori ribi kote kita liba,el niño lee el músico verde
ribi kita ribi sivi tore nole,el músico encuentra el jardinero grande
ribi tore ribi sivi kita liba,el jardinero lee el músico grande
vivi dira ribi vife kita giki,la gata lleva el músico joven
vivi mivi ribi bene tore nole,la médica encuentra el jardinero azul
ribi zoli vivi sivi gore mibe,el perro cuida la maestra grande
vivi gore ribi toge zoli mibe zova,la maestra no cuida el perro feliz
vivi gore vivi toge dira tole zova,la maestra no mira la gata feliz
ribi kita ribi kote tore nibe zova,el músico no busca el jardinero verde
ribi zoli ribi tore liba,el perro lee el jardinero
ribi rori ribi tore liba zova,el niño no lee el jardinero
vivi mivi ribi vife kita mibe zova,la médica no cuida el músico joven
vivi dira ribi toge zoli tole,la gata mira el perro feliz
ribi kita ribi zoli giki zova,el músico no lleva el perro
vivi mivi vivi toge gore nole,la médica encuentra la maestra feliz
vivi dira vivi vife taki nole zova,la gata no encuentra la niña joven
ribi zoli vivi taki liba zova,el perro no lee la niña
ribi rori vivi vife dira mibe zova,el niño no cuida la gata joven
ribi tore ribi zoli tole,el jardinero mira el perro
vivi dira ribi kote zoli mibe zova,la gata no cuida el perro verde
vivi mivi vivi bene dira tole zova,la médica no mira la gata azul
ribi zoli ribi kote tore giki,el perro lleva el jardinero verde
vivi taki ribi kote zoli tole zova,la niña no mira el perro verde
ribi rori vivi vife taki mibe,el niño cuida la niña joven
vivi taki ribi toge zoli nole,la niña encuentra el perro feliz
ribi rori vivi vife taki giki zova,el niño no lleva la niña joven
ribi tore ribi sivi kita liba zova,el jardinero no lee el músico grande
vivi mivi ribi vife tore liba,la médica lee el jardinero joven
ribi kita ribi tore nole zova,el músico no encuentra el jardinero
ribi kita vivi toge taki nole,el músico encuentra la niña feliz
ribi tore ribi sivi kita giki,el jardinero lleva el músico grande
ribi rori ribi sivi tore giki,el niño lleva el jardinero grande
ribi tore vivi gore nole zova,el jardinero no encuentra la maestra
ribi zoli vivi mivi nole zova,el perro no encuentra la médica
ribi rori vivi kote taki nole,el niño encuentra la niña verde
ribi tore ribi toge kita nole zova,el jardinero no encuentra el músico feliz
vivi gore ribi zoli mibe zova,la maestra no cuida el perro
ribi kita vivi kote gore nibe zova,el músico no busca la maestra verde
ribi kita vivi vife gore liba,el músico lee la maestra joven
ribi zoli vivi vife gore liba zova,el perro no lee la maestra joven
ribi kita vivi gore mibe,el músico cuida la maestra
ribi kita ribi kote rori mibe zova,el músico no cuida el niño verde
vivi gore vivi kote mivi nole zova,la maestra no encuentra la médica verde
ribi rori vivi vife gore mibe zova,el niño no cuida la maestra joven
vivi dira ribi toge zoli nole zova,la gata no encuentra el perro feliz
vivi taki vivi kote dira giki zova,la niña no lleva la gata verde
ribi tore ribi toge rori nibe zova,el jardinero no busca el niño feliz
vivi gore vivi sivi mivi tole,la maestra mira la médica grande
vivi taki vivi vife dira liba zova,la niña no lee la gata joven
ribi zoli ribi vife rori nibe zova,el perro no busca el niño joven
ribi tore vivi vife taki nole zova,el jardinero no encuentra la niña joven
vivi dira ribi bene kita nole,la gata encuentra el músico azul
ribi zoli vivi sivi mivi mibe,el perro cuida la médica grande
ribi kita vivi kote taki nibe,el músico busca la niña verde
ribi tore vivi taki liba,el jardinero lee la niña
vivi gore vivi vife taki mibe,la maestra cuida la niña joven
ribi zoli vivi gore mibe zova,el perro no cuida la maestra
vivi gore ribi kita nole,la maestra encuentra el músico
vivi dira vivi sivi taki giki zova,la gata no lleva la niña grande
vivi taki ribi bene tore mibe zova,la niña no cuida el jardinero azul
vivi gore vivi mivi liba zova,la maestra no lee la médica
ribi tore ribi bene zoli liba zova,el jardinero no lee el perro azul
vivi mivi ribi vife zoli nole zova,la médica no encuentra el perro joven
vivi mivi ribi kita tole zova,la médica no mira el músico
vivi dira vivi toge gore liba zova,la gata no lee la maestra feliz
ribi zoli vivi kote taki tole,el perro mira la niña verde
ribi tore ribi bene kita liba,el jardinero lee el músico azul
vivi mivi ribi kote kita mibe,la médica cuida el músico verde
ribi zoli vivi kote gore liba zova,el perro no lee la maestra verde
ribi rori vivi kote dira liba,el niño lee la gata verde
vivi taki vivi toge dira nole zova,la niña no encuentra la gata feliz
vivi gore vivi kote taki tole zova,la maestra no mira la niña verde
vivi gore ribi toge rori tole,la maestra mira el niño feliz
ribi tore vivi sivi mivi giki,el jardinero lleva la médica grande
ribi tore vivi vife taki tole zova,el jardinero no mira la niña joven
vivi taki ribi toge zoli nole zova,la niña no encuentra el perro feliz
ribi tore ribi vife kita liba,el jardinero lee el músico joven
ribi tore vivi sivi dira nole,el jardinero encuentra la gata grande
vivi mivi vivi toge gore mibe zova,la médica no cuida la maestra feliz
ribi zoli vivi mivi tole,el perro mira la médica
vivi gore ribi rori giki,la maestra lleva el niño
vivi mivi vivi sivi gore liba zova,la médica no lee la maestra grande
vivi mivi vivi vife dira tole zova,la médica no mira la gata joven
vivi gore vivi toge taki mibe,la maestra cuida la niña feliz
ribi kita vivi vife mivi nibe zova,el músico no busca la médica joven
vivi gore vivi mivi tole,la maestra mira la médica
vivi mivi ribi tore tole zova,la médica no mira el jardinero
ribi rori vivi dira mibe,el niño cuida la gata
vivi gore vivi vife dira nibe zova,la maestra no busca la gata joven
ribi rori vivi bene mivi mibe zova,el niño no cuida la médica azul
ribi zoli vivi toge mivi mibe zova,el perro no cuida la médica feliz
ribi kita ribi toge rori mibe zova,el músico no cuida el niño feliz
ribi zoli vivi sivi taki tole zova,el perro no mira la niña grande
vivi taki ribi vife zoli nibe,la niña busca el perro joven
vivi mivi vivi toge dira mibe zova,la médica no cuida la gata feliz
vivi mivi ribi vife rori nole zova,la médica no encuentra el niño joven
ribi kita ribi kote rori nole,el músico encuentra el niño verde
vivi mivi ribi kote zoli mibe zova,la médica no cuida el perro verde
vivi mivi ribi sivi rori nibe zova,la médica no busca el niño grande
ribi tore vivi gore mibe,el jardinero cuida la maestra
ribi tore ribi toge kita mibe zova,el jardinero no cuida el músico feliz
ribi kita ribi toge zoli nibe,el músico busca el perro feliz
vivi mivi vivi vife gore nibe zova,la médica no busca la maestra joven
vivi dira ribi sivi tore tole,la gata mira el jardinero grande
ribi rori vivi sivi dira nole zova,el niño no encuentra la gata grande
vivi taki ribi toge kita nibe,la niña busca el músico feliz
ribi kita vivi bene mivi mibe,el músico cuida la médica azul
ribi rori vivi mivi nibe zova,el niño no busca la médica
vivi dira vivi sivi taki tole,la gata mira la niña grande
vivi gore ribi toge kita tole,la maestra mira el músico feliz
vivi mivi vivi sivi dira giki,la médica lleva la gata grande
ribi zoli ribi toge kita nibe zova,el perro no busca el músico feliz
vivi taki ribi bene tore nole zova,la niña no encuentra el jardinero azul
ribi rori ribi kote tore giki zova,el niño no lleva el jardinero verde
vivi taki vivi kote gore nibe zova,la niña no busca la maestra verde
ribi rori ribi kote tore nibe zova,el niño no busca el jardinero verde
vivi gore vivi toge mivi giki,la maestra lleva la médica feliz
vivi dira ribi vife rori giki zova,la gata no lleva el niño joven
vivi mivi vivi vife gore tole,la médica mira la maestra joven
ribi zoli ribi kote tore liba,el perro lee el jardinero verde
ribi zoli vivi toge dira mibe zova,el perro no cuida la gata feliz
vivi gore ribi bene kita tole zova,la maestra no mira el músico azul
ribi rori vivi toge taki mibe zova,el niño no cuida la niña feliz
ribi rori vivi bene taki nole zova,el niño no encuentra la niña azul
ribi kita ribi vife rori nole,el músico encuentra el niño joven
ribi tore vivi sivi mivi nole zova,el jardinero no encuentra la médica grande
ribi zoli vivi vife dira mibe,el perro cuida la gata joven
ribi kita vivi bene dira giki zova,el músico no lleva la gata azul
vivi mivi vivi kote gore mibe,la médica cuida la maestra verde
vivi dira ribi kote kita giki,la gata lleva el músico verde
vivi mivi ribi kote tore nole,la médica encuentra el jardinero verde
vivi taki vivi toge gore giki,la niña lleva la maestra feliz
vivi mivi ribi sivi tore liba zova,la médica no lee el jardinero grande
ribi tore vivi kote dira mibe,el jardinero cuida la gata verde
vivi dira vivi toge taki tole zova,la gata no mira la niña feliz
vivi gore vivi kote taki mibe zova,la maestra no cuida la niña verde
ribi kita vivi vife dira giki,el músico lleva la gata joven
vivi dira ribi rori tole,la gata mira el niño
vivi taki ribi bene tore giki zova,la niña no lleva el jardinero azul
ribi tore vivi kote taki mibe zova,el jardinero no cuida la niña verde
vivi dira ribi kote zoli tole,la gata mira el perro verde
ribi tore ribi toge kita nole,el jardinero encuentra el músico feliz
ribi zoli vivi sivi mivi nibe zova,el perro no busca la médica grande
vivi mivi ribi sivi rori giki zova,la médica no lleva el niño grande
ribi kita ribi toge tore liba zova,el músico no lee el jardinero feliz
ribi zoli vivi vife taki mibe zova,el perro no cuida la niña joven
ribi rori ribi bene kita nibe,el niño busca el músico azul
ribi rori vivi vife gore nibe,el niño busca la maestra joven
ribi rori ribi tore giki,el niño lleva el jardinero
vivi mivi vivi kote gore nole,la médica encuentra la maestra verde
ribi tore vivi bene dira liba zova,el jardinero no lee la gata azul
vivi mivi vivi kote gore mibe zova,la médica no cuida la maestra verde
vivi gore ribi toge kita nole zova,la maestra no encuentra el músico feliz
ribi tore vivi gore liba,el jardinero lee la maestra
ribi zoli ribi bene rori tole,el perro mira el niño azul
ribi zoli vivi kote mivi mibe,el perro cuida la médica verde
vivi dira ribi toge zoli mibe zova,la gata no cuida el perro feliz
vivi mivi vivi bene gore nole,la médica encuentra la maestra azul
vivi dira ribi bene zoli liba,la gata lee el perro azul
vivi taki ribi vife rori tole,la niña mira el niño joven
vivi dira vivi bene mivi tole,la gata mira la médica azul
ribi tore ribi vife rori nibe,el jardinero busca el niño joven
ribi kita vivi kote mivi giki,el músico lleva la médica verde
vivi taki ribi toge zoli giki,la niña lleva el perro feliz
ribi tore vivi sivi dira nole zova,el jardinero no encuentra la gata grande
vivi mivi ribi vife tore giki,la médica lleva el jardinero joven
vivi dira vivi toge gore nibe,la gata busca la maestra feliz
ribi zoli ribi toge tore mibe,el perro cuida el jardinero feliz
vivi gore vivi vife taki liba zova,la maestra no lee la niña joven
vivi taki ribi sivi rori liba zova,la niña no lee el niño grande
vivi mivi vivi kote gore liba,la médica lee la maestra verde
ribi tore vivi vife taki mibe zova,el jardinero no cuida la niña joven
ribi tore ribi bene kita giki,el jardinero lleva el músico azul
vivi gore vivi kote mivi tole zova,la maestra no mira la médica verde
ribi rori vivi toge gore nole,el niño encuentra la maestra feliz
ribi zoli vivi sivi dira giki,el perro lleva la gata grande
ribi kita vivi toge mivi nole zova,el músico no encuentra la médica feliz
ribi tore ribi toge kita mibe,el jardinero cuida el músico feliz
ribi kita vivi toge mivi tole zova,el músico no mira la médica feliz
vivi gore vivi vife dira giki,la maestra lleva la gata joven
vivi mivi vivi toge taki nibe zova,la médica no busca la niña feliz
ribi zoli ribi vife tore liba zova,el perro no lee el jardinero joven
ribi rori ribi vife zoli mibe,el niño cuida el perro joven
ribi zoli vivi toge gore nole,el perro encuentra la maestra feliz
ribi rori vivi kote dira giki zova,el niño no lleva la gata verde
ribi tore vivi kote gore liba,el jardinero lee la maestra verde
ribi tore vivi gore liba zova,el jardinero no lee la maestra
vivi dira ribi vife tore liba,la gata lee el jardinero joven
ribi zoli vivi kote mivi nole,el perro encuentra la médica verde
vivi dira ribi bene rori nibe,la gata busca el niño azul
ribi rori vivi sivi gore giki zova,el niño no lleva la maestra grande
ribi kita vivi kote dira nole,el músico encuentra la gata verde
vivi dira vivi vife mivi nibe,la gata busca la médica joven
ribi rori vivi taki mibe zova,el niño no cuida la niña
ribi tore vivi toge gore nole,el jardinero encuentra la maestra feliz
ribi tore ribi kita nibe zova,el jardinero no busca el músico
ribi kita vivi gore nole,el músico encuentra la maestra
ribi kita ribi toge zoli nole,el músico encuentra el perro feliz
ribi zoli ribi kote kita nibe,el perro busca el músico verde
ribi rori vivi gore nole,el niño encuentra la maestra
vivi gore vivi toge dira tole,la maestra mira la gata feliz
ribi tore ribi bene rori nole,el jardinero encuentra el niño azul
vivi mivi vivi sivi taki liba,la médica lee la niña grande
vivi gore ribi bene tore nole,la maestra encuentra el jardinero azul
vivi gore ribi toge zoli mibe,la maestra cuida el perro feliz
ribi kita ribi vife rori tole zova,el músico no mira el niño joven
ribi kita vivi bene mivi nole,el músico encuentra la médica azul
vivi taki vivi bene mivi mibe,la niña cuida la médica azul
vivi dira vivi gore tole,la gata mira la maestra
vivi dira vivi toge mivi giki zova,la gata no lleva la médica feliz
vivi gore vivi kote mivi giki zova,la maestra no lleva la médica verde
vivi dira ribi tore mibe,la gata cuida el jardinero
vivi gore ribi vife kita nole zova,la maestra no encuentra el músico joven
ribi rori vivi vife mivi mibe zova,el niño no cuida la médica joven
vivi gore vivi bene taki nibe,la maestra busca la niña azul
vivi taki vivi kote mivi giki zova,la niña no lleva la médica verde
ribi tore vivi vife mivi giki zova,el jardinero no lleva la médica joven
vivi dira vivi kote taki tole,la gata mira la niña verde
vivi taki vivi kote dira liba zova,la niña no lee la gata verde
ribi zoli ribi kote kita liba,el perro lee el músico verde
ribi zoli ribi bene tore nole,el perro encuentra el jardinero azul
vivi dira ribi sivi zoli liba zova,la gata no lee el perro grande
vivi gore ribi kote rori nibe,la maestra busca el niño verde
ribi rori vivi toge taki nibe,el niño busca la niña feliz
ribi tore vivi sivi mivi mibe,el jardinero cuida la médica grande
ribi tore ribi kote rori mibe,el jardinero cuida el niño verde
ribi zoli ribi kote tore mibe zova,el perro no cuida el jardinero verde
vivi dira ribi bene tore liba,la gata lee el jardinero azul
vivi dira ribi bene rori nole zova,la gata no encuentra el niño azul
vivi gore ribi bene kita giki zova,la maestra no lleva el músico azul
vivi dira ribi rori mibe,la gata cuida el niño
vivi taki ribi rori mibe,la niña cuida el niño
vivi dira ribi bene rori mibe,la gata cuida el niño azul
vivi taki ribi sivi zoli nibe,la niña busca el perro grande
vivi gore ribi bene zoli giki,la maestra lleva el perro azul
vivi dira vivi kote taki nole zova,la gata no encuentra la niña verde
vivi mivi ribi bene zoli giki,la médica lleva el perro azul
vivi mivi ribi kote kita liba zova,la médica no lee el músico verde
ribi rori vivi sivi dira nole,el niño encuentra la gata grande
ribi zoli vivi kote dira mibe,el perro cuida la gata verde
ribi tore vivi kote dira nole zova,el jardinero no encuentra la gata verde
ribi kita ribi toge rori giki zova,el músico no lleva el niño feliz
ribi tore vivi bene gore nole zova,el jardinero no encuentra la maestra azul
vivi taki ribi bene rori nole zova,la niña no encuentra el niño azul
vivi gore ribi sivi kita mibe zova,la maestra no cuida el músico grande
vivi mivi vivi bene taki nibe zova,la médica no busca la niña azul
ribi tore vivi kote gore nibe,el jardinero busca la maestra verde
vivi dira ribi bene kita giki,la gata lleva el músico azul
vivi gore ribi toge tore nole,la maestra encuentra el jardinero feliz
ribi rori vivi bene gore giki zova,el niño no lleva la maestra azul
vivi gore ribi zoli liba,la maestra lee el perro
ribi tore ribi toge rori tole,el jardinero mira el niño feliz
ribi zoli vivi gore tole zova,el perro no mira la maestra
ribi zoli vivi sivi mivi tole zova,el perro no mira la médica grande
ribi tore vivi sivi taki nibe zova,el jardinero no busca la niña grande
vivi dira vivi toge mivi mibe,la gata cuida la médica feliz
ribi kita ribi toge zoli tole zova,el músico no mira el perro feliz
vivi dira ribi bene zoli tole zova,la gata no mira el perro azul
ribi rori ribi toge zoli mibe,el niño cuida el perro feliz
vivi dira vivi sivi mivi giki zova,la gata no lleva la médica grande
ribi kita vivi vife gore mibe,el músico cuida la maestra joven
ribi tore vivi toge taki nole zova,el jardinero no encuentra la niña feliz
vivi gore ribi vife zoli mibe,la maestra cuida el perro joven
ribi zoli vivi vife taki nole zova,el perro no encuentra la niña joven
vivi gore vivi vife taki nibe,la maestra busca la niña joven
vivi gore vivi kote taki nole,la maestra encuentra la niña verde
ribi kita vivi bene taki giki zova,el músico no lleva la niña azul
ribi rori ribi vife zoli nole zova,el niño no encuentra el perro joven
ribi kita ribi sivi tore mibe zova,el músico no cuida el jardinero grande
ribi zoli ribi vife kita liba zova,el perro no lee el músico joven
vivi dira vivi kote mivi nibe,la gata busca la médica verde
ribi zoli ribi kote kita nole zova,el perro no encuentra el músico verde
vivi taki ribi zoli nole,la niña encuentra el perro
ribi rori ribi kita tole zova,el niño no mira el músico
vivi gore vivi kote taki giki,la maestra lleva la niña verde
vivi dira vivi toge taki nibe,la gata busca la niña feliz
ribi rori ribi bene tore mibe zova,el niño no cuida el jardinero azul
ribi kita vivi sivi dira mibe,el músico cuida la gata grande
ribi tore vivi toge mivi nibe,el jardinero busca la médica feliz
vivi taki vivi bene gore nibe,la niña busca la maestra azul
ribi zoli vivi toge mivi mibe,el perro cuida la médica feliz
ribi kita ribi rori tole,el músico mira el niño
ribi kita ribi sivi tore mibe,el músico cuida el jardinero grande
vivi mivi ribi kote kita giki,la médica lleva el músico verde
ribi zoli ribi kote tore mibe,el perro cuida el jardinero verde
vivi taki ribi toge kita nole,la niña encuentra el músico feliz
ribi rori vivi vife mivi tole zova,el niño no mira la médica joven
ribi zoli ribi vife kita nole zova,el perro no encuentra el músico joven
ribi kita ribi bene tore liba,el músico lee el jardinero azul
ribi zoli vivi bene dira tole zova,el perro no mira la gata azul
ribi zoli vivi bene gore liba,el perro lee la maestra azul
vivi mivi vivi toge gore tole,la médica mira la maestra feliz
ribi kita vivi sivi mivi liba,el músico lee la médica grande
ribi kita ribi toge rori giki,el músico lleva el niño feliz
vivi dira ribi vife rori mibe,la gata cuida el niño joven
ribi zoli ribi toge kita liba zova,el perro no lee el músico feliz
vivi dira vivi vife mivi tole,la gata mira la médica joven
ribi tore vivi kote mivi nole zova,el jardinero no encuentra la médica verde
ribi kita vivi sivi mivi nibe,el músico busca la médica grande
vivi taki vivi vife gore liba zova,la niña no lee la maestra joven
vivi taki ribi vife rori liba zova,la niña no lee el niño joven
vivi gore ribi kote rori giki,la maestra lleva el niño verde
ribi zoli vivi kote mivi giki,el perro lleva la médica verde
ribi tore ribi kote kita tole,el jardinero mira el músico verde
vivi taki vivi gore nibe zova,la niña no busca la maestra
vivi mivi vivi sivi taki giki,la médica lleva la niña grande
vivi mivi ribi rori liba zova,la médica no lee el niño
ribi zoli vivi bene gore mibe zova,el perro no cuida la maestra azul
vivi dira ribi toge kita liba zova,la gata no lee el músico feliz
ribi kita vivi bene taki nibe zova,el músico no busca la niña azul
ribi rori vivi sivi gore tole zova,el niño no mira la maestra grande
ribi rori ribi sivi zoli nibe,el niño busca el perro grande
ribi zoli vivi bene gore giki,el perro lleva la maestra azul
ribi tore ribi toge zoli nibe zova,el jardinero no busca el perro feliz
ribi kita vivi vife mivi liba,el músico lee la médica joven
ribi rori vivi bene taki nole,el niño encuentra la niña azul
ribi tore vivi bene dira mibe,el jardinero cuida la gata azul
vivi gore ribi kote tore tole zova,la maestra no mira el jardinero verde
ribi zoli vivi vife gore mibe zova,el perro no cuida la maestra joven
ribi zoli vivi kote taki nole zova,el perro no encuentra la niña verde
ribi tore vivi toge taki liba,el jardinero lee la niña feliz
vivi gore vivi dira nole zova,la maestra no encuentra la gata
vivi dira vivi sivi taki liba zova,la gata no lee la niña grande
ribi rori vivi bene taki mibe zova,el niño no cuida la niña azul
vivi dira vivi vife mivi mibe,la gata cuida la médica joven
ribi rori ribi bene kita giki zova,el niño no lleva el músico azul
ribi kita vivi toge gore nole zova,el músico no encuentra la maestra feliz
vivi mivi ribi bene kita giki,la médica lleva el músico azul
ribi zoli ribi toge rori nibe zova,el perro no busca el niño feliz
vivi gore vivi toge mivi nibe zova,la maestra no busca la médica feliz
vivi taki ribi vife tore giki zova,la niña no lleva el jardinero joven
ribi kita ribi toge zoli giki zova,el músico no lleva el perro feliz
vivi taki ribi rori mibe zova,la niña no cuida el niño
ribi zoli ribi toge rori nole zova,el perro no encuentra el niño feliz
vivi taki vivi bene mivi liba zova,la niña no lee la médica azul
ribi kita vivi taki nole zova,el músico no encuentra la niña
vivi taki vivi sivi dira nibe zova,la niña no busca la gata grande
vivi mivi ribi toge zoli giki zova,la médica no lleva el perro feliz
ribi zoli ribi toge kita nole zova,el perro no encuentra el músico feliz
ribi zoli vivi gore giki zova,el perro no lleva la maestra
vivi gore vivi toge mivi tole zova,la maestra no mira la médica feliz
ribi zoli vivi toge taki tole,el perro mira la niña feliz
vivi taki vivi bene dira mibe,la niña cuida la gata azul
vivi gore ribi sivi tore nole,la maestra encuentra el jardinero grande
vivi taki ribi sivi kita liba,la niña lee el músico grande
vivi mivi ribi vife tore liba zova,la médica no lee el jardinero joven
ribi kita ribi sivi rori liba zova,el músico no lee el niño grande
ribi zoli ribi tore nole,el perro encuentra el jardinero
ribi kita ribi bene zoli nole,el músico encuentra el perro azul
vivi mivi vivi vife dira liba,la médica lee la gata joven
vivi dira ribi kote rori nibe zova,la gata no busca el niño verde
ribi kita ribi vife zoli giki,el músico lleva el perro joven
ribi zoli vivi kote taki liba,el perro lee la niña verde
vivi taki ribi kote tore liba,la niña lee el jardinero verde
ribi zoli ribi bene tore giki,el perro lleva el jardinero azul
ribi zoli ribi toge rori tole,el perro mira el niño feliz
vivi dira ribi sivi tore liba,la gata lee el jardinero grande
ribi rori ribi zoli liba zova,el niño no lee el perro
ribi kita vivi sivi taki mibe zova,el músico no cuida la niña grande
vivi mivi ribi toge zoli nole,la médica encuentra el perro feliz
vivi dira vivi toge taki tole,la gata mira la niña feliz
vivi dira ribi bene kita mibe zova,la gata no cuida el músico azul
ribi rori ribi vife kita giki zova,el niño no lleva el músico joven
ribi kita vivi toge gore liba,el músico lee la maestra feliz
vivi taki vivi vife gore liba,la niña lee la maestra joven
vivi dira ribi sivi zoli nibe,la gata busca el perro grande
vivi gore ribi vife tore nibe,la maestra busca el jardinero joven
ribi rori ribi kote tore giki,el niño lleva el jardinero verde
vivi taki ribi tore nibe zova,la niña no busca el jardinero
vivi taki ribi toge tore mibe zova,la niña no cuida el jardinero feliz
vivi gore ribi vife tore liba zova,la maestra no lee el jardinero joven
ribi kita vivi vife dira nole,el músico encuentra la gata joven
vivi gore vivi kote mivi nibe zova,la maestra no busca la médica verde
ribi rori vivi vife taki tole,el niño mira la niña joven
vivi gore ribi vife rori tole,la maestra mira el niño joven
vivi gore ribi vife tore liba,la maestra lee el jardinero joven
vivi mivi vivi sivi gore nibe zova,la médica no busca la maestra grande
ribi kita vivi sivi taki nibe,el músico busca la niña grande
vivi taki vivi gore mibe,la niña cuida la maestra
vivi taki ribi toge kita tole,la niña mira el músico feliz
ribi kita ribi kote rori tole zova,el músico no mira el niño verde
ribi rori vivi vife gore liba zova,el niño no lee la maestra joven
ribi kita vivi bene dira giki,el músico lleva la gata azul
vivi taki ribi vife kita tole,la niña mira el músico joven
vivi dira vivi kote mivi liba,la gata lee la médica verde
vivi mivi vivi kote taki tole zova,la médica no mira la niña verde
ribi zoli vivi vife gore tole zova,el perro no mira la maestra joven
ribi zoli ribi toge kita tole zova,el perro no mira el músico feliz
ribi zoli vivi kote taki nole,el perro encuentra la niña verde
ribi zoli vivi bene gore nibe,el perro busca la maestra azul
ribi tore vivi kote dira nibe,el jardinero busca la gata verde
vivi gore vivi bene taki nibe zova,la maestra no busca la niña azul
ribi tore vivi toge gore tole,el jardinero mira la maestra feliz
vivi gore vivi toge mivi mibe zova,la maestra no cuida la médica feliz
vivi taki ribi vife tore mibe,la niña cuida el jardinero joven
ribi zoli ribi vife kita giki zova,el perro no lleva el músico joven
ribi kita vivi kote mivi nole zova,el músico no encuentra la médica verde
ribi rori vivi toge dira nibe,el niño busca la gata feliz
vivi mivi vivi toge dira liba,la médica lee la gata feliz
vivi taki ribi bene zoli giki zova,la niña no lleva el perro azul
vivi dira ribi kita tole zova,la gata no mira el músico
vivi taki ribi zoli mibe zova,la niña no cuida el perro
ribi tore vivi sivi gore mibe,el jardinero cuida la maestra grande
ribi zoli vivi kote gore nibe zova,el perro no busca la maestra verde
vivi gore ribi kote tore nibe,la maestra busca el jardinero verde
ribi kita vivi toge mivi nibe,el músico busca la médica feliz
vivi gore ribi sivi rori nole,la maestra encuentra el niño grande
ribi tore ribi sivi zoli tole,el jardinero mira el perro grande
vivi gore ribi sivi rori liba zova,la maestra no lee el niño grande
ribi kita ribi bene zoli nibe zova,el músico no busca el perro azul
ribi rori ribi kote zoli nole zova,el niño no encuentra el perro verde
ribi rori ribi sivi kita liba,el niño lee el músico grande
vivi gore vivi sivi taki nole zova,la maestra no encuentra la niña grande
ribi kita ribi bene rori nibe,el músico busca el niño azul
vivi taki ribi kita giki,la niña lleva el músico
ribi rori vivi kote mivi nole zova,el niño no encuentra la médica verde
ribi tore vivi taki liba zova,el jardinero no lee la niña
vivi gore ribi sivi tore mibe,la maestra cuida el jardinero grande
vivi mivi vivi toge dira nole,la médica encuentra la gata feliz
vivi dira vivi toge mivi tole zova,la gata no mira la médica feliz
ribi tore ribi toge kita tole zova,el jardinero no mira el músico feliz
ribi kita vivi toge gore giki,el músico lleva la maestra feliz
vivi mivi ribi bene zoli tole zova,la médica no mira el perro azul
ribi kita ribi sivi tore nibe zova,el músico no busca el jardinero grande
ribi tore ribi sivi kita nibe zova,el jardinero no busca el músico grande
vivi mivi vivi kote taki giki,la médica lleva la niña verde
ribi rori vivi kote mivi giki,el niño lleva la médica verde
ribi tore vivi vife dira liba,el jardinero lee la gata joven
vivi taki ribi sivi tore nole zova,la niña no encuentra el jardinero grande
vivi dira vivi toge taki nole zova,la gata no encuentra la niña feliz
vivi gore ribi bene kita nibe zova,la maestra no busca el músico azul
vivi mivi ribi kote rori liba zova,la médica no lee el niño verde
ribi zoli vivi sivi gore nibe zova,el perro no busca la maestra grande
vivi gore ribi sivi rori nibe zova,la maestra no busca el niño grande
vivi mivi vivi dira mibe,la médica cuida la gata
ribi tore vivi kote mivi liba,el jardinero lee la médica verde
vivi mivi vivi vife taki tole,la médica mira la niña joven
vivi dira vivi kote mivi mibe,la gata cuida la médica verde
vivi dira vivi toge taki liba,la gata lee la niña feliz
vivi gore ribi bene tore tole,la maestra mira el jardinero azul
vivi mivi vivi gore giki zova,la médica no lleva la maestra
vivi taki ribi vife tore tole zova,la niña no mira el jardinero joven
vivi mivi vivi toge dira mibe,la médica cuida la gata feliz
ribi zoli ribi sivi kita giki zova,el perro no lleva el músico grande
vivi taki ribi kote kita mibe,la niña cuida el músico verde
ribi tore vivi kote gore nole,el jardinero encuentra la maestra verde
ribi kita ribi zoli nole zova,el músico no encuentra el perro
vivi gore vivi dira nibe,la maestra busca la gata
ribi rori vivi mivi liba,el niño lee la médica
ribi zoli ribi bene tore nibe,el perro busca el jardinero azul
ribi rori vivi toge taki liba,el niño lee la niña feliz
ribi rori ribi kote kita tole zova,el niño no mira el músico verde
vivi taki vivi bene gore nibe zova,la niña no busca la maestra azul
vivi taki ribi zoli giki zova,la niña no lleva el perro
vivi dira ribi tore liba,la gata lee el jardinero
ribi rori vivi sivi taki mibe zova,el niño no cuida la niña grande
vivi gore vivi sivi taki giki,la maestra lleva la niña grande
vivi taki ribi toge rori nibe,la niña busca el niño feliz
ribi kita vivi bene dira mibe zova,el músico no cuida la gata azul
vivi dira ribi rori nole zova,la gata no encuentra el niño
ribi zoli vivi sivi mivi nole zova,el perro no encuentra la médica grande
vivi taki ribi bene tore nibe zova,la niña no busca el jardinero azul
vivi taki ribi rori giki,la niña lleva el niño
vivi gore vivi sivi dira giki zova,la maestra no lleva la gata grande
ribi kita ribi bene rori giki zova,el músico no lleva el niño azul
vivi gore vivi sivi mivi nibe zova,la maestra no busca la médica grande
ribi zoli vivi vife dira nibe zova,el perro no busca la gata joven
ribi rori vivi toge dira mibe,el niño cuida la gata feliz
ribi kita ribi zoli giki,el músico lleva el perro
ribi tore ribi kote kita nibe,el jardinero busca el músico verde
vivi taki ribi sivi tore nibe,la niña busca el jardinero grande
vivi taki ribi vife zoli giki,la niña lleva el perro joven
ribi tore ribi toge rori giki,el jardinero lleva el niño feliz
vivi taki ribi vife tore liba zova,la niña no lee el jardinero joven
ribi rori ribi kita liba,el niño lee el músico
vivi dira ribi sivi zoli mibe zova,la gata no cuida el perro grande
vivi taki vivi vife dira nibe,la niña busca la gata joven
vivi dira vivi kote mivi giki,la gata lleva la médica verde
ribi zoli vivi vife gore giki,el perro lleva la maestra joven
vivi taki vivi toge mivi liba zova,la niña no lee la médica feliz
vivi gore ribi vife tore giki,la maestra lleva el jardinero joven
vivi taki ribi sivi tore mibe zova,la niña no cuida el jardinero grande
ribi kita ribi vife zoli liba zova,el músico no lee el perro joven
ribi kita vivi vife gore nole,el músico encuentra la maestra joven
ribi tore ribi sivi zoli mibe zova,el jardinero no cuida el perro grande
ribi tore vivi sivi taki liba,el jardinero lee la niña grande
ribi tore vivi gore nole,el jardinero encuentra la maestra
ribi kita ribi sivi zoli liba zova,el músico no lee el perro grande
ribi tore vivi kote mivi nole,el jardinero encuentra la médica verde
vivi dira ribi sivi kita nole zova,la gata no encuentra el músico grande
vivi gore ribi sivi kita giki zova,la maestra no lleva el músico grande
ribi rori vivi toge dira nole,el niño encuentra la gata feliz
vivi taki ribi toge kita nole zova,la niña no encuentra el músico feliz
ribi rori vivi sivi mivi giki zova,el niño no lleva la médica grande
ribi zoli vivi vife mivi liba,el perro lee la médica joven
vivi gore ribi vife zoli nole,la maestra encuentra el perro joven
ribi zoli ribi vife kita nole,el perro encuentra el músico joven
ribi kita ribi sivi tore giki,el músico lleva el jardinero grande
vivi dira ribi zoli mibe zova,la gata no cuida el perro
vivi dira ribi kita nibe zova,la gata no busca el músico
ribi kita ribi toge rori nole,el músico encuentra el niño feliz
ribi tore vivi kote gore mibe zova,el jardinero no cuida la maestra verde
ribi tore ribi vife zoli giki,el jardinero lleva el perro joven
vivi mivi ribi toge kita tole zova,la médica no mira el músico feliz
ribi zoli ribi kote tore nibe,el perro busca el jardinero verde
vivi gore vivi sivi dira tole zova,la maestra no mira la gata grande
ribi rori vivi toge taki nole,el niño encuentra la niña feliz
vivi mivi vivi kote dira nole zova,la médica no encuentra la gata verde
ribi kita vivi vife taki nibe,el músico busca la niña joven
ribi tore ribi kote zoli tole zova,el jardinero no mira el perro verde
vivi taki vivi dira tole,la niña mira la gata
vivi mivi vivi sivi dira giki zova,la médica no lleva la gata grande
ribi zoli vivi vife taki giki zova,el perro no lleva la niña joven
ribi tore ribi bene zoli mibe,el jardinero cuida el perro azul
vivi dira vivi taki nibe,la gata busca la niña
vivi dira ribi sivi zoli giki,la gata lleva el perro grande
ribi zoli vivi taki nole zova,el perro no encuentra la niña
ribi rori ribi zoli nibe zova,el niño no busca el perro
ribi kita ribi toge tore nole,el músico encuentra el jardinero feliz
vivi taki vivi toge dira mibe,la niña cuida la gata feliz
ribi tore vivi vife gore liba zova,el jardinero no lee la maestra joven
ribi kita vivi kote mivi tole zova,el músico no mira la médica verde
ribi kita ribi kote zoli nole,el músico encuentra el perro verde
vivi dira ribi bene tore mibe zova,la gata no cuida el jardinero azul
ribi tore ribi kote kita nole,el jardinero encuentra el músico verde
vivi gore ribi toge tore nibe,la maestra busca el jardinero feliz
vivi gore ribi bene kita mibe zova,la maestra no cuida el músico azul
vivi mivi ribi toge rori tole zova,la médica no mira el niño feliz
vivi dira ribi vife tore nole zova,la gata no encuentra el jardinero joven
ribi zoli vivi toge gore liba zova,el perro no lee la maestra feliz
vivi mivi ribi rori giki zova,la médica no lleva el niño
vivi taki ribi bene tore mibe,la niña cuida el jardinero azul
ribi rori ribi toge zoli nibe,el niño busca el perro feliz
vivi taki ribi vife rori tole zova,la niña no mira el niño joven
vivi taki ribi toge zoli liba,la niña lee el perro feliz
vivi mivi vivi dira nole zova,la médica no encuentra la gata
vivi taki vivi sivi mivi giki zova,la niña no lleva la médica grande
ribi kita ribi kote zoli liba zova,el músico no lee el perro verde
vivi dira ribi bene zoli nibe zova,la gata no busca el perro azul
ribi rori vivi kote taki giki zova,el niño no lleva la niña verde
ribi tore vivi gore nibe,el jardinero busca la maestra
vivi taki ribi bene kita giki,la niña lleva el músico azul
vivi taki ribi toge rori nibe zova,la niña no busca el niño feliz
vivi gore ribi zoli giki,la maestra lleva el perro
ribi tore ribi kote zoli mibe zova,el jardinero no cuida el perro verde
ribi zoli ribi vife rori tole zova,el perro no mira el niño joven
ribi kita ribi toge tore tole zova,el músico no mira el jardinero feliz
vivi gore vivi kote taki nibe zova,la maestra no busca la niña verde
vivi gore vivi dira nibe zova,la maestra no busca la gata
ribi rori vivi vife taki mibe zova,el niño no cuida la niña joven
ribi tore vivi sivi taki mibe,el jardinero cuida la niña grande
vivi dira ribi toge rori tole zova,la gata no mira el niño feliz
ribi rori vivi taki giki zova,el niño no lleva la niña
ribi rori ribi bene tore giki zova,el niño no lleva el jardinero azul
ribi zoli ribi vife tore tole,el perro mira el jardinero joven
vivi mivi vivi gore tole zova,la médica no mira la maestra
vivi mivi ribi vife zoli nibe zova,la médica no busca el perro joven
vivi dira ribi sivi kita giki zova,la gata no lleva el músico grande
vivi dira ribi vife rori liba,la gata lee el niño joven
ribi kita vivi gore liba,el músico lee la maestra
vivi dira ribi toge kita giki zova,la gata no lleva el músico feliz
ribi kita vivi kote gore giki zova,el músico no lleva la maestra verde
ribi rori vivi vife mivi tole,el niño mira la médica joven
ribi rori vivi toge gore giki,el niño lleva la maestra feliz
vivi mivi vivi sivi taki nole zova,la médica no encuentra la niña grande
vivi gore vivi toge mivi tole,la maestra mira la médica feliz
vivi dira vivi sivi mivi nibe,la gata busca la médica grande
vivi dira vivi vife mivi nibe zova,la gata no busca la médica joven
ribi tore ribi bene rori nole zova,el jardinero no encuentra el niño azul
vivi gore ribi bene zoli liba,la maestra lee el perro azul
vivi mivi vivi vife dira mibe zova,la médica no cuida la gata joven
vivi mivi ribi bene rori tole,la médica mira el niño azul
vivi gore vivi bene mivi liba,la maestra lee la médica azul
ribi tore ribi kote rori giki,el jardinero lleva el niño verde
vivi taki ribi vife kita nole zova,la niña no encuentra el músico joven
ribi kita vivi vife dira tole zova,el músico no mira la gata joven
vivi taki ribi kote tore mibe zova,la niña no cuida el jardinero verde
ribi rori vivi bene taki giki zova,el niño no lleva la niña azul
ribi rori vivi taki nole,el niño encuentra la niña
vivi mivi vivi dira nibe,la médica busca la gata
ribi zoli ribi bene kita nibe,el perro busca el músico azul
ribi tore ribi zoli nibe zova,el jardinero no busca el perro
vivi taki vivi toge dira nibe zova,la niña no busca la gata feliz
ribi rori vivi bene taki giki,el niño lleva la niña azul
vivi mivi ribi kita nole zova,la médica no encuentra el músico
ribi zoli vivi kote gore tole zova,el perro no mira la maestra verde
vivi gore ribi toge zoli tole zova,la maestra no mira el perro feliz
vivi mivi ribi kote zoli tole,la médica mira el perro verde
vivi gore vivi mivi nibe zova,la maestra no busca la médica
ribi kita vivi bene taki mibe zova,el músico no cuida la niña azul
ribi kita vivi dira mibe zova,el músico no cuida la gata
ribi rori ribi vife tore tole,el niño mira el jardinero joven
vivi mivi ribi sivi tore giki,la médica lleva el jardinero grande
ribi zoli vivi sivi gore nole,el perro encuentra la maestra grande
vivi taki vivi kote dira nole,la niña encuentra la gata verde
ribi zoli ribi rori nibe zova,el perro no busca el niño
ribi kita vivi kote dira nole zova,el músico no encuentra la gata verde
vivi dira ribi zoli nibe zova,la gata no busca el perro
vivi mivi ribi vife kita mibe,la médica cuida el músico joven
ribi rori vivi taki mibe,el niño cuida la niña
ribi rori vivi bene gore liba,el niño lee la maestra azul
vivi gore ribi kote rori liba,la maestra lee el niño verde
vivi taki ribi bene kita mibe,la niña cuida el músico azul
vivi dira ribi sivi tore nole zova,la gata no encuentra el jardinero grande
ribi tore vivi taki nibe,el jardinero busca la niña
ribi rori vivi toge gore liba,el niño lee la maestra feliz
ribi rori ribi sivi tore nole,el niño encuentra el jardinero grande
vivi gore ribi bene kita nibe,la maestra busca el músico azul
ribi kita vivi toge mivi mibe,el músico cuida la médica feliz
vivi taki ribi toge zoli tole zova,la niña no mira el perro feliz
ribi tore vivi sivi gore nibe,el jardinero busca la maestra grande
ribi kita ribi tore giki,el músico lleva el jardinero
vivi dira vivi toge mivi nibe,la gata busca la médica feliz
ribi tore vivi vife taki nibe,el jardinero busca la niña joven
vivi taki ribi toge zoli liba zova,la niña no lee el perro feliz
ribi kita ribi sivi rori liba,el músico lee el niño grande
ribi tore ribi sivi rori giki,el jardinero lleva el niño grande
ribi tore vivi sivi gore giki zova,el jardinero no lleva la maestra grande
ribi tore ribi bene kita giki zova,el jardinero no lleva el músico azul
vivi taki vivi kote gore mibe zova,la niña no cuida la maestra verde
ribi tore ribi kote rori tole,el jardinero mira el niño verde
vivi gore ribi rori giki zova,la maestra no lleva el niño
vivi dira ribi toge tore liba,la gata lee el jardinero feliz
ribi zoli vivi mivi nole,el perro encuentra la médica
ribi rori ribi kita nole zova,el niño no encuentra el músico
ribi tore vivi bene taki nole zova,el jardinero no encuentra la niña azul
ribi kita ribi vife tore nibe,el músico busca el jardinero joven
ribi zoli ribi bene rori giki,el perro lleva el niño azul
vivi taki vivi toge dira liba,la niña lee la gata feliz
ribi zoli ribi sivi tore tole zova,el perro no mira el jardinero grande
vivi taki vivi kote mivi nibe,la niña busca la médica verde
vivi mivi ribi rori nibe,la médica busca el niño
vivi mivi vivi toge dira giki zova,la médica no lleva la gata feliz
vivi mivi ribi sivi rori nole zova,la médica no encuentra el niño grande
vivi mivi ribi zoli nole,la médica encuentra el perro
vivi mivi vivi bene taki nole,la médica encuentra la niña azul
vivi gore ribi sivi zoli tole,la maestra mira el perro grande
vivi gore ribi toge zoli nibe zova,la maestra no busca el perro feliz
vivi gore ribi kote rori mibe,la maestra cuida el niño verde
ribi tore ribi vife rori liba,el jardinero lee el niño joven
ribi zoli ribi vife rori nibe,el perro busca el niño joven
ribi kita vivi bene mivi tole zova,el músico no mira la médica azul
vivi gore ribi rori liba,la maestra lee el niño
ribi zoli vivi mivi mibe zova,el perro no cuida la médica
vivi taki ribi bene kita giki zova,la niña no lleva el músico azul
vivi taki ribi bene zoli tole,la niña mira el perro azul
vivi dira vivi bene gore nole,la gata encuentra la maestra azul
ribi rori ribi sivi kita giki,el niño lleva el músico grande
ribi tore ribi rori nibe,el jardinero busca el niño
ribi zoli ribi kote kita mibe zova,el perro no cuida el músico verde
vivi taki ribi sivi zoli nole,la niña encuentra el perro grande
vivi gore ribi toge zoli nole zova,la maestra no encuentra el perro feliz
vivi gore ribi sivi kita nole,la maestra encuentra el músico grande
ribi rori vivi bene dira tole,el niño mira la gata azul
vivi taki ribi bene rori giki,la niña lleva el niño azul
ribi tore vivi gore nibe zova,el jardinero no busca la maestra
vivi mivi ribi kita tole,la médica mira el músico
ribi tore vivi toge dira nibe zova,el jardinero no busca la gata feliz
ribi zoli vivi dira tole zova,el perro no mira la gata
vivi taki ribi tore mibe,la niña cuida el jardinero
ribi kita vivi toge taki giki zova,el músico no lleva la niña feliz
ribi tore vivi toge dira tole,el jardinero mira la gata feliz
ribi tore ribi toge zoli giki,el jardinero lleva el perro feliz
ribi tore vivi gore tole zova,el jardinero no mira la maestra
vivi mivi ribi rori mibe zova,la médica no cuida el niño
vivi dira ribi vife tore nole,la gata encuentra el jardinero joven
ribi rori ribi bene tore giki,el niño lleva el jardinero azul
ribi kita vivi kote gore mibe zova,el músico no cuida la maestra verde
vivi gore ribi toge tore tole zova,la maestra no mira el jardinero feliz
vivi dira ribi rori nibe,la gata busca el niño
vivi dira ribi bene tore nibe,la gata busca el jardinero azul
ribi tore ribi bene kita nole zova,el jardinero no encuentra el músico azul
vivi taki ribi kote rori nibe,la niña busca el niño verde
ribi zoli ribi rori mibe,el perro cuida el niño
vivi taki ribi kote zoli nole,la niña encuentra el perro verde
ribi kita ribi toge zoli giki,el músico lleva el perro feliz
ribi kita vivi vife dira nole zova,el músico no encuentra la gata joven
vivi mivi ribi kote kita nibe zova,la médica no busca el músico verde
ribi kita ribi bene rori liba,el músico lee el niño azul
vivi taki vivi kote dira mibe zova,la niña no cuida la gata verde
vivi gore ribi kote zoli mibe zova,la maestra no cuida el perro verde
vivi gore ribi kote zoli tole zova,la maestra no mira el perro verde
vivi taki ribi rori liba zova,la niña no lee el niño
ribi rori vivi taki nole zova,el niño no encuentra la niña
ribi rori ribi vife zoli giki,el niño lleva el perro joven
vivi taki vivi vife mivi nole zova,la niña no encuentra la médica joven
vivi mivi ribi sivi tore liba,la médica lee el jardinero grande
vivi gore ribi bene tore giki,la maestra lleva el jardinero azul
vivi taki ribi sivi kita liba zova,la niña no lee el músico grande
vivi taki ribi kote zoli giki,la niña lleva el perro verde
ribi kita ribi bene rori nibe zova,el músico no busca el niño azul
ribi kita vivi sivi dira giki zova,el músico no lleva la gata grande
ribi zoli ribi tore giki,el perro lleva el jardinero
ribi kita ribi toge zoli mibe zova,el músico no cuida el perro feliz
vivi dira ribi vife tore tole,la gata mira el jardinero joven
ribi tore ribi bene zoli mibe zova,el jardinero no cuida el perro azul
ribi tore ribi sivi kita mibe,el jardinero cuida el músico grande
ribi kita vivi vife taki nole zova,el músico no encuentra la niña joven
vivi taki vivi bene gore tole zova,la niña no mira la maestra azul
ribi tore vivi vife mivi nole,el jardinero encuentra la médica joven
vivi dira ribi kita tole,la gata mira el músico
vivi dira ribi toge kita liba,la gata lee el músico feliz
ribi kita vivi kote taki tole zova,el músico no mira la niña verde
vivi gore ribi vife zoli nibe,la maestra busca el perro joven
ribi kita ribi bene tore giki zova,el músico no lleva el jardinero azul
vivi taki ribi kote rori nibe zova,la niña no busca el niño verde
vivi mivi vivi vife taki giki,la médica lleva la niña joven
vivi gore vivi kote mivi mibe zova,la maestra no cuida la médica verde
vivi mivi vivi bene dira nole,la médica encuentra la gata azul
ribi tore ribi sivi kita mibe zova,el jardinero no cuida el músico grande
vivi mivi vivi vife gore liba zova,la médica no lee la maestra joven
ribi tore vivi kote gore tole zova,el jardinero no mira la maestra verde
vivi dira ribi sivi rori giki,la gata lleva el niño grande
vivi dira ribi tore tole zova,la gata no mira el jardinero
vivi gore ribi toge tore nole zova,la maestra no encuentra el jardinero feliz
vivi mivi vivi kote dira nibe,la médica busca la gata verde
vivi mivi ribi sivi rori nole,la médica encuentra el niño grande
vivi gore ribi sivi tore mibe zova,la maestra no cuida el jardinero grande
ribi tore vivi kote gore giki,el jardinero lleva la maestra verde
ribi rori ribi bene tore nole,el niño encuentra el jardinero azul
vivi taki vivi vife dira giki zova,la niña no lleva la gata joven
ribi zoli vivi toge dira giki,el perro lleva la gata feliz
ribi zoli ribi bene rori nibe,el perro busca el niño azul
ribi tore ribi kita liba,el jardinero lee el músico
ribi tore ribi toge rori nole,el jardinero encuentra el niño feliz
ribi zoli vivi sivi mivi giki,el perro lleva la médica grande
vivi mivi ribi vife zoli nibe,la médica busca el perro joven
vivi dira vivi toge mivi tole,la gata mira la médica feliz
ribi rori ribi zoli mibe,el niño cuida el perro
ribi rori vivi bene gore nibe zova,el niño no busca la maestra azul
ribi tore vivi vife mivi liba,el jardinero lee la médica joven
ribi kita vivi vife gore nole zova,el músico no encuentra la maestra joven
ribi tore ribi vife rori nibe zova,el jardinero no busca el niño joven
ribi tore vivi toge dira nibe,el jardinero busca la gata feliz
ribi rori vivi toge dira nibe zova,el niño no busca la gata feliz
ribi rori vivi bene mivi giki,el niño lleva la médica azul
vivi taki vivi vife dira mibe zova,la niña no cuida la gata joven
ribi tore ribi bene rori tole zova,el jardinero no mira el niño azul
vivi taki ribi toge rori mibe zova,la niña no cuida el niño feliz
vivi taki ribi kote rori nole,la niña encuentra el niño verde
vivi mivi ribi kote zoli nibe zova,la médica no busca el perro verde
vivi dira vivi vife taki mibe zova,la gata no cuida la niña joven
ribi kita vivi bene gore mibe,el músico cuida la maestra azul
vivi dira ribi sivi kita mibe zova,la gata no cuida el músico grande
vivi dira ribi vife zoli giki,la gata lleva el perro joven
ribi rori ribi sivi kita nole zova,el niño no encuentra el músico grande
vivi taki ribi toge rori tole,la niña mira el niño feliz
ribi rori vivi kote gore nole zova,el niño no encuentra la maestra verde
ribi kita vivi sivi dira nibe zova,el músico no busca la gata grande
vivi taki vivi dira liba,la niña lee la gata
ribi rori vivi sivi taki nibe,el niño busca la niña grande
ribi zoli vivi vife gore nibe,el perro busca la maestra joven
ribi rori ribi bene kita giki,el niño lleva el músico azul
ribi kita ribi tore liba zova,el músico no lee el jardinero
ribi rori vivi gore mibe zova,el niño no cuida la maestra
vivi gore ribi kita liba zova,la maestra no lee el músico
vivi mivi vivi vife dira nibe,la médica busca la gata joven
ribi kita ribi kote rori tole,el músico mira el niño verde
vivi mivi vivi dira tole,la médica mira la gata
vivi dira vivi kote gore giki,la gata lleva la maestra verde
vivi gore ribi vife rori nibe zova,la maestra no busca el niño joven
vivi mivi vivi bene gore nibe zova,la médica no busca la maestra azul
vivi taki ribi bene rori giki zova,la niña no lleva el niño azul
ribi tore vivi vife dira tole,el jardinero mira la gata joven
ribi zoli vivi bene mivi liba zova,el perro no lee la médica azul
ribi kita ribi kote zoli mibe,el músico cuida el perro verde
ribi tore vivi kote mivi tole zova,el jardinero no mira la médica verde
ribi zoli vivi bene gore tole,el perro mira la maestra azul
ribi kita ribi bene zoli nole zova,el músico no encuentra el perro azul
ribi zoli vivi vife dira mibe zova,el perro no cuida la gata joven
vivi mivi ribi kote tore nibe,la médica busca el jardinero verde
ribi rori ribi sivi kita nibe zova,el niño no busca el músico grande
ribi kita vivi bene mivi nibe,el músico busca la médica azul
ribi kita ribi vife tore mibe,el músico cuida el jardinero joven
ribi tore ribi vife rori nole zova,el jardinero no encuentra el niño joven
vivi mivi ribi sivi kita liba zova,la médica no lee el músico grande
vivi dira vivi bene taki mibe zova,la gata no cuida la niña azul
ribi zoli vivi kote taki nibe zova,el perro no busca la niña verde
vivi taki ribi vife zoli nole zova,la niña no encuentra el perro joven
vivi gore ribi bene tore mibe zova,la maestra no cuida el jardinero azul
vivi taki ribi bene rori liba,la niña lee el niño azul
vivi dira ribi bene zoli nibe,la gata busca el perro azul
ribi zoli vivi sivi gore tole zova,el perro no mira la maestra grande
vivi taki ribi kote kita nole zova,la niña no encuentra el músico verde
vivi gore vivi bene dira nibe zova,la maestra no busca la gata azul
ribi rori ribi sivi zoli mibe zova,el niño no cuida el perro grande
vivi gore vivi vife mivi nibe zova,la maestra no busca la médica joven
ribi tore vivi toge taki liba zova,el jardinero no lee la niña feliz
vivi dira ribi toge tore giki,la gata lleva el jardinero feliz
vivi dira vivi kote gore giki zova,la gata no lleva la maestra verde
ribi zoli ribi kita nole,el perro encuentra el músico
ribi zoli ribi vife rori nole zova,el perro no encuentra el niño joven
vivi taki ribi kote kita liba zova,la niña no lee el músico verde
vivi taki vivi dira mibe,la niña cuida la gata
ribi rori vivi bene gore mibe,el niño cuida la maestra azul
ribi tore vivi toge dira giki,el jardinero lleva la gata feliz
ribi rori vivi kote gore tole,el niño mira la maestra verde
ribi zoli ribi toge tore mibe zova,el perro no cuida el jardinero feliz
vivi gore vivi sivi dira mibe zova,la maestra no cuida la gata grande
ribi tore vivi taki nole zova,el jardinero no encuentra la niña
ribi tore vivi bene taki mibe,el jardinero cuida la niña azul
vivi mivi ribi vife kita nibe,la médica busca el músico joven
vivi gore ribi tore nole,la maestra encuentra el jardinero
vivi dira ribi kote tore liba,la gata lee el jardinero verde
vivi taki ribi kita nibe,la niña busca el músico
vivi gore ribi zoli mibe,la maestra cuida el perro
vivi taki ribi kote zoli liba zova,la niña no lee el perro verde
ribi kita vivi vife mivi tole,el músico mira la médica joven
ribi zoli ribi kita tole,el perro mira el músico
vivi taki vivi toge dira nole,la niña encuentra la gata feliz
vivi dira ribi tore nibe zova,la gata no busca el jardinero
vivi taki vivi dira nole,la niña encuentra la gata
ribi kita ribi kote tore liba,el músico lee el jardinero verde
vivi dira vivi toge gore giki zova,la gata no lleva la maestra feliz
ribi tore ribi vife rori giki,el jardinero lleva el niño joven
vivi mivi vivi kote taki nibe zova,la médica no busca la niña verde
ribi zoli ribi sivi rori giki zova,el perro no lleva el niño grande
vivi gore ribi sivi kita liba,la maestra lee el músico grande
ribi zoli vivi bene gore liba zova,el perro no lee la maestra azul
ribi rori ribi bene kita tole zova,el niño no mira el músico azul
ribi kita ribi tore nole,el músico encuentra el jardinero
vivi taki ribi toge rori liba zova,la niña no lee el niño feliz
ribi kita ribi toge rori nibe zova,el músico no busca el niño feliz
vivi taki vivi toge dira giki zova,la niña no lleva la gata feliz
vivi mivi ribi vife tore nole,la médica encuentra el jardinero joven
ribi tore vivi bene taki tole,el jardinero mira la niña azul
vivi mivi ribi sivi kita tole,la médica mira el músico grande
vivi taki vivi bene mivi nole zova,la niña no encuentra la médica azul
ribi kita ribi sivi rori giki,el músico lleva el niño grande
vivi gore ribi bene tore tole zova,la maestra no mira el jardinero azul
vivi gore vivi vife taki tole,la maestra mira la niña joven
vivi taki vivi kote gore mibe,la niña cuida la maestra verde
ribi tore vivi bene taki giki zova,el jardinero no lleva la niña azul
vivi gore ribi kote zoli nibe,la maestra busca el perro verde
vivi mivi ribi sivi kita tole zova,la médica no mira el músico grande
ribi rori vivi toge mivi giki zova,el niño no lleva la médica feliz
ribi tore vivi kote gore nole zova,el jardinero no encuentra la maestra verde
vivi mivi vivi toge gore liba zova,la médica no lee la maestra feliz
ribi kita vivi bene gore tole zova,el músico no mira la maestra azul
ribi zoli vivi sivi taki nole zova,el perro no encuentra la niña grande
vivi gore ribi sivi zoli mibe,la maestra cuida el perro grande
vivi dira vivi vife taki giki zova,la gata no lleva la niña joven
vivi dira ribi bene rori mibe zova,la gata no cuida el niño azul
vivi mivi ribi vife tore tole zova,la médica no mira el jardinero joven
vivi dira ribi kote kita nole zova,la gata no encuentra el músico verde
ribi zoli vivi kote gore nibe,el perro busca la maestra verde
vivi gore vivi bene dira mibe,la maestra cuida la gata azul
vivi mivi ribi tore liba,la médica lee el jardinero
vivi mivi vivi vife gore nibe,la médica busca la maestra joven
ribi zoli ribi sivi tore mibe,el perro cuida el jardinero grande
ribi rori vivi mivi nole,el niño encuentra la médica
ribi tore vivi bene dira tole,el jardinero mira la gata azul
ribi rori vivi vife dira giki zova,el niño no lleva la gata joven
ribi kita ribi vife tore giki,el músico lleva el jardinero joven
vivi gore ribi toge kita nibe zova,la maestra no busca el músico feliz
vivi gore ribi vife tore mibe,la maestra cuida el jardinero joven
vivi gore ribi bene zoli liba zova,la maestra no lee el perro azul
vivi mivi vivi vife gore mibe,la médica cuida la maestra joven
vivi mivi ribi sivi tore mibe zova,la médica no cuida el jardinero grande
vivi gore ribi vife tore tole zova,la maestra no mira el jardinero joven
ribi zoli ribi sivi tore giki zova,el perro no lleva el jardinero grande
ribi tore vivi bene gore giki zova,el jardinero no lleva la maestra azul
ribi kita vivi kote gore liba,el músico lee la maestra verde
vivi dira vivi kote gore nibe,la gata busca la maestra verde
ribi kita vivi kote gore tole,el músico mira la maestra verde
vivi gore ribi vife kita mibe zova,la maestra no cuida el músico joven
vivi dira vivi toge taki nibe zova,la gata no busca la niña feliz
ribi zoli ribi vife tore mibe,el perro cuida el jardinero joven
vivi gore vivi bene mivi giki zova,la maestra no lleva la médica azul
vivi dira ribi sivi tore nibe,la gata busca el jardinero grande
vivi dira ribi kote zoli tole zova,la gata no mira el perro verde
vivi dira ribi sivi zoli tole,la gata mira el perro grande
ribi tore ribi sivi rori liba,el jardinero lee el niño grande
vivi dira vivi toge mivi nole zova,la gata no encuentra la médica feliz
vivi mivi ribi bene kita nibe,la médica busca el músico azul
vivi gore ribi vife zoli tole,la maestra mira el perro joven
vivi taki ribi bene tore giki,la niña lleva el jardinero azul
vivi dira ribi vife tore tole zova,la gata no mira el jardinero joven
vivi dira ribi kita giki,la gata lleva el músico
ribi rori vivi kote taki mibe zova,el niño no cuida la niña verde
vivi gore ribi kita nibe,la maestra busca el músico
vivi mivi ribi tore liba zova,la médica no lee el jardinero
ribi tore vivi mivi liba zova,el jardinero no lee la médica
ribi zoli vivi vife dira liba zova,el perro no lee la gata joven
ribi rori vivi sivi taki nibe zova,el niño no busca la niña grande
vivi taki ribi toge rori giki zova,la niña no lleva el niño feliz
vivi taki vivi bene gore nole zova,la niña no encuentra la maestra azul
ribi kita ribi vife rori tole,el músico mira el niño joven
vivi taki ribi bene tore tole zova,la niña no mira el jardinero azul
ribi zoli ribi sivi tore giki,el perro lleva el jardinero grande
vivi taki vivi bene gore mibe,la niña cuida la maestra azul
ribi tore vivi vife taki mibe,el jardinero cuida la niña joven
vivi dira vivi vife taki tole,la gata mira la niña joven
vivi dira vivi kote gore nole,la gata encuentra la maestra verde
vivi mivi ribi toge kita nibe,la médica busca el músico feliz
ribi rori ribi sivi tore tole,el niño mira el jardinero grande
ribi kita ribi kote rori liba zova,el músico no lee el niño verde
vivi gore ribi vife kita nole,la maestra encuentra el músico joven
vivi taki ribi tore liba,la niña lee el jardinero
ribi rori ribi bene zoli nibe zova,el niño no busca el perro azul
vivi taki vivi sivi mivi nibe,la niña busca la médica grande
ribi kita vivi toge taki liba zova,el músico no lee la niña feliz
vivi mivi ribi kote rori liba,la médica lee el niño verde
ribi rori vivi kote gore giki,el niño lleva la maestra verde
vivi taki ribi vife tore nole zova,la niña no encuentra el jardinero joven
ribi rori vivi kote dira mibe,el niño cuida la gata verde
vivi mivi ribi kita liba,la médica lee el músico
ribi zoli ribi kita nibe zova,el perro no busca el músico
vivi taki ribi sivi kita giki zova,la niña no lleva el músico grande
vivi mivi ribi vife zoli liba,la médica lee el perro joven
vivi dira ribi toge zoli nibe,la gata busca el perro feliz
vivi dira ribi kote tore mibe,la gata cuida el jardinero verde
vivi gore ribi kote kita nibe,la maestra busca el músico verde
ribi rori vivi gore giki,el niño lleva la maestra
vivi taki vivi gore nibe,la niña busca la maestra
vivi gore vivi vife dira liba,la maestra lee la gata joven
ribi rori vivi kote dira mibe zova,el niño no cuida la gata verde
vivi gore vivi toge taki nibe zova,la maestra no busca la niña feliz
vivi dira ribi vife kita nole,la gata encuentra el músico joven
ribi tore vivi bene mivi tole,el jardinero mira la médica azul
ribi zoli vivi mivi tole zova,el perro no mira la médica
vivi dira ribi kote rori tole zova,la gata no mira el niño verde
ribi rori ribi vife kita nibe zova,el niño no busca el músico joven
vivi mivi vivi gore giki,la médica lleva la maestra
ribi tore vivi sivi taki nole zova,el jardinero no encuentra la niña grande
ribi kita vivi gore tole zova,el músico no mira la maestra
vivi dira vivi sivi mivi tole zova,la gata no mira la médica grande
vivi taki vivi mivi nibe zova,la niña no busca la médica
vivi taki ribi sivi kita nole,la niña encuentra el músico grande
ribi zoli vivi bene gore nole zova,el perro no encuentra la maestra azul
ribi tore vivi sivi mivi tole,el jardinero mira la médica grande
ribi rori vivi sivi mivi tole,el niño mira la médica grande
vivi dira ribi kote tore mibe zova,la gata no cuida el jardinero verde
ribi tore vivi kote mivi mibe zova,el jardinero no cuida la médica verde
vivi taki vivi kote gore nole zova,la niña no encuentra la maestra verde
ribi zoli vivi vife mivi nole,el perro encuentra la médica joven
